-- phpMyAdmin SQL Dump
-- version 4.6.5.2
-- https://www.phpmyadmin.net/
--
-- Host: 127.0.0.1
-- Generation Time: Sep 16, 2021 at 09:33 AM
-- Server version: 5.6.21
-- PHP Version: 5.6.3

SET SQL_MODE = "NO_AUTO_VALUE_ON_ZERO";
SET time_zone = "+00:00";


/*!40101 SET @OLD_CHARACTER_SET_CLIENT=@@CHARACTER_SET_CLIENT */;
/*!40101 SET @OLD_CHARACTER_SET_RESULTS=@@CHARACTER_SET_RESULTS */;
/*!40101 SET @OLD_COLLATION_CONNECTION=@@COLLATION_CONNECTION */;
/*!40101 SET NAMES utf8mb4 */;

--
-- Database: `ecommm`
--

-- --------------------------------------------------------

--
-- Table structure for table `about_us`
--

CREATE TABLE `about_us` (
  `about_id` int(10) NOT NULL,
  `about_heading` text NOT NULL,
  `about_short_desc` text NOT NULL,
  `about_desc` text NOT NULL
) ENGINE=InnoDB DEFAULT CHARSET=latin1;

--
-- Dumping data for table `about_us`
--

INSERT INTO `about_us` (`about_id`, `about_heading`, `about_short_desc`, `about_desc`) VALUES
(1, 'About Us - Our Story', '\r\nThe best shopping website for clothes,\r\n', 'Keerthi fashions all started from a small hope of providing good quality clothes to the customers, now have gained good customer feedback.');

-- --------------------------------------------------------

--
-- Table structure for table `admins`
--

CREATE TABLE `admins` (
  `admin_id` int(10) NOT NULL,
  `admin_name` varchar(255) NOT NULL,
  `admin_email` varchar(255) NOT NULL,
  `admin_pass` varchar(255) NOT NULL,
  `admin_image` text NOT NULL,
  `admin_contact` varchar(255) NOT NULL,
  `admin_country` text NOT NULL,
  `admin_job` varchar(255) NOT NULL,
  `admin_about` text NOT NULL
) ENGINE=InnoDB DEFAULT CHARSET=latin1;

--
-- Dumping data for table `admins`
--

INSERT INTO `admins` (`admin_id`, `admin_name`, `admin_email`, `admin_pass`, `admin_image`, `admin_contact`, `admin_country`, `admin_job`, `admin_about`) VALUES
(2, 'Administrator', 'admin@mail.com', 'Password@123', 'user-profile-min.png', '7777775500', 'India', 'Front-End Developer', 'Student developer but has interest and ability to learn new things ');

-- --------------------------------------------------------

--
-- Table structure for table `cart`
--

CREATE TABLE `cart` (
  `p_id` int(10) NOT NULL,
  `ip_add` varchar(255) NOT NULL,
  `qty` int(10) NOT NULL,
  `p_price` varchar(256) NOT NULL,
  `size` text NOT NULL
) ENGINE=InnoDB DEFAULT CHARSET=latin1;

-- --------------------------------------------------------

--
-- Table structure for table `categories`
--

CREATE TABLE `categories` (
  `cat_id` int(10) NOT NULL,
  `cat_title` text NOT NULL,
  `cat_top` text NOT NULL,
  `cat_image` text NOT NULL
) ENGINE=InnoDB DEFAULT CHARSET=latin1;

--
-- Dumping data for table `categories`
--

INSERT INTO `categories` (`cat_id`, `cat_title`, `cat_top`, `cat_image`) VALUES
(2, 'Feminine', 'no', 'feminelg.png'),
(3, 'Kids', 'no', 'kidslg.jpg'),
(4, 'Others', 'yes', 'othericon.png'),
(5, 'Men', 'yes', 'malelg.png');

-- --------------------------------------------------------
--
-- Table structure for table `customers`
--

CREATE TABLE `customers` (
  `customer_id` int(10) NOT NULL,
  `customer_name` varchar(255) NOT NULL,
  `customer_email` varchar(255) NOT NULL,
  `customer_pass` varchar(255) NOT NULL,
  `customer_country` text NOT NULL,
  `customer_city` text NOT NULL,
  `customer_contact` varchar(255) NOT NULL,
  `customer_address` text NOT NULL,
  `customer_image` text NOT NULL,
  `customer_ip` varchar(255) NOT NULL,
  `customer_confirm_code` text NOT NULL
) ENGINE=InnoDB DEFAULT CHARSET=latin1;

--
-- Dumping data for table `customers`
--

INSERT INTO `customers` (`customer_id`, `customer_name`, `customer_email`, `customer_pass`, `customer_country`, `customer_city`, `customer_contact`, `customer_address`, `customer_image`, `customer_ip`, `customer_confirm_code`) VALUES
(2, 'user', 'user@ave.com', '123', 'United State', 'New York', '0092334566931', 'new york', 'user.jpg', '::1', '');


-- --------------------------------------------------------

--
-- Table structure for table `customer_orders`
--

CREATE TABLE `customer_orders` (
  `order_id` int(10) NOT NULL,
  `customer_id` int(10) NOT NULL,
  `due_amount` int(100) NOT NULL,
  `invoice_no` int(100) NOT NULL,
  `qty` int(10) NOT NULL,
  `size` text NOT NULL,
  `order_date` timestamp NOT NULL DEFAULT CURRENT_TIMESTAMP ON UPDATE CURRENT_TIMESTAMP,
  `order_status` text NOT NULL
) ENGINE=InnoDB DEFAULT CHARSET=latin1;

--
-- Dumping data for table `customer_orders`
--

INSERT INTO `customer_orders` (`order_id`, `customer_id`, `due_amount`, `invoice_no`, `qty`, `size`, `order_date`, `order_status`) VALUES
(17, 2, 100, 1715523401, 2, 'Large', '2024-02-20 08:21:42', 'pending');

-- --------------------------------------------------------

--
-- Table structure for table `manufacturers`
--

CREATE TABLE `manufacturers` (
  `manufacturer_id` int(10) NOT NULL,
  `manufacturer_title` text NOT NULL,
  `manufacturer_top` text NOT NULL,
  `manufacturer_image` text NOT NULL
) ENGINE=InnoDB DEFAULT CHARSET=latin1;

--
-- Dumping data for table `manufacturers`
--

INSERT INTO `manufacturers` (`manufacturer_id`, `manufacturer_title`, `manufacturer_top`, `manufacturer_image`) VALUES
(2, 'Adidas', 'no', 'adilg.png'),
(3, 'Nike', 'no', 'niketransl.png'),
(4, 'Philip Plein', 'no', 'pplg.png'),
(5, 'Lacoste', 'no', 'lacostelg.png'),
(7, 'Polo', 'no', 'polobn.jpg'),
(8, 'Gildan 1800', 'no', 'sample_img360.png');

-- --------------------------------------------------------

--
-- Table structure for table `payments`
--

CREATE TABLE `payments` (
  `payment_id` int(10) NOT NULL,
  `invoice_no` int(10) NOT NULL,
  `amount` int(10) NOT NULL,
  `payment_mode` text NOT NULL,
  `ref_no` int(10) NOT NULL,
  `code` int(10) NOT NULL,
  `payment_date` text NOT NULL
) ENGINE=InnoDB DEFAULT CHARSET=latin1;

--
-- Dumping data for table `payments`
--

INSERT INTO `payments` (`payment_id`, `invoice_no`, `amount`, `payment_mode`, `ref_no`, `code`, `payment_date`) VALUES
(2, 1607603019, 447, 'UBL/Omni', 5678, 33, '11/1/2024'),
(3, 314788500, 345, 'UBL/Omni', 443, 865, '11/1/2024'),
(4, 6906, 400, 'Western Union', 101025780, 696950, 'January 1'),
(5, 10023, 20, 'Bank Code', 1000010101, 6969, '09/14/2024'),
(6, 69088, 100, 'Bank Code', 1010101022, 88669, '09/14/2024');


-- --------------------------------------------------------

--
-- Table structure for table `pending_orders`
--

CREATE TABLE `pending_orders` (
  `order_id` int(10) NOT NULL,
  `customer_id` int(10) NOT NULL,
  `invoice_no` int(10) NOT NULL,
  `product_id` text NOT NULL,
  `qty` int(10) NOT NULL,
  `size` text NOT NULL,
  `order_status` text NOT NULL
) ENGINE=InnoDB DEFAULT CHARSET=latin1;

--
-- Dumping data for table `pending_orders`
--

INSERT INTO `pending_orders` (`order_id`, `customer_id`, `invoice_no`, `product_id`, `qty`, `size`, `order_status`) VALUES
(17, 2, 1715523401, '9', 2, 'Large', 'pending');


-- --------------------------------------------------------

--
-- Table structure for table `products`
--

CREATE TABLE `products` (
  `product_id` int(10) NOT NULL,
  `p_cat_id` int(10) NOT NULL,
  `cat_id` int(10) NOT NULL,
  `manufacturer_id` int(10) NOT NULL,
  `date` timestamp NOT NULL DEFAULT CURRENT_TIMESTAMP ON UPDATE CURRENT_TIMESTAMP,
  `product_title` text NOT NULL,
  `product_url` text NOT NULL,
  `product_img1` text NOT NULL,
  `product_img2` text NOT NULL,
  `product_img3` text NOT NULL,
  `product_price` int(10) NOT NULL,
  `product_psp_price` int(100) NOT NULL,
  `product_desc` text NOT NULL,
  `product_features` text NOT NULL,
  `product_video` text NOT NULL,
  `product_keywords` text NOT NULL,
  `product_label` text NOT NULL,
  `status` varchar(255) NOT NULL
) ENGINE=InnoDB DEFAULT CHARSET=latin1;

--
-- Dumping data for table `products`
--

INSERT INTO `products` (`product_id`, `p_cat_id`, `cat_id`, `manufacturer_id`, `date`, `product_title`, `product_url`, `product_img1`, `product_img2`, `product_img3`, `product_price`, `product_psp_price`, `product_desc`, `product_features`, `product_video`, `product_keywords`, `product_label`, `status`) VALUES
(5, 7, 5, 5, '2021-09-14 09:13:25', 'Denim Borg Lined Western Jacket', 'product-url-5', 'Next-Denim-Borg-Lined-Western-Jacket-0463-0064553-1-pdp_slider_l.jpg', 'Next-Denim-Borg-Lined-Western-Jacket-0463-0064553-2-pdp_slider_l.jpg', 'Next-Denim-Borg-Lined-Western-Jacket-0465-0064553-3-pdp_slider_l.jpg', 259, 100, '\r\n<p>This is a sample product description. This is a sample product description. This is a sample product description. This is a sample product description. This is a sample product description. This is a sample product description. This is a sample product description. This is a sample product description. This is a sample product description. This is a sample product description. This is a sample product description. This is a sample product description. This is a sample product description. This is a sample product description. This is a sample product description. This is a sample product description. This is a sample product description. This is a sample product description. This is a sample product description. This is a sample product description.</p>\r\n', '\r\nIt is a long established fact that a reader will be distracted by the readable content of a page when looking at its layout. The point of using Lorem Ipsum is that it has a more-or-less normal distribution of letters,\r\n', '\r\n<iframe width=\"854\" height=\"480\" src=\"https://www.youtube.com/embed/qRswlmADRa8\" frameborder=\"0\" allowfullscreen></iframe>\r\n', 'Jackets', 'Gift', 'product'),
(8, 4, 2, 4, '2021-09-14 10:13:02', 'Sleeveless Flaux Fur Hybrid Coat', 'product-url-8', 'Black Blouse Versace Coat1.jpg', 'Black Blouse Versace Coat2.jpg', 'Black Blouse Versace Coat3.jpg', 245, 100, '\r\n\r\n\r\n<p>This is a sample product description. This is a sample product description. This is a sample product description. This is a sample product description. This is a sample product description. This is a sample product description. This is a sample product description. This is a sample product description. This is a sample product description. This is a sample product description. This is a sample product description. This is a sample product description. This is a sample product description. This is a sample product description. This is a sample product description. This is a sample product description. This is a sample product description. This is a sample product description. This is a sample product description. This is a sample product description.</p>\r\n\r\n\r\n', '\r\n\r\n\r\nIt is a long established fact that a reader will be distracted by the readable content of a page when looking at its layout. The point of using Lorem Ipsum is that it has a more-or-less normal distribution of letters,\r\n\r\n\r\n', '\r\n\r\n\r\n<iframe width=\"854\" height=\"480\" src=\"https://www.youtube.com/embed/qRswlmADRa8\" frameborder=\"0\" allowfullscreen></iframe>\r\n\r\n\r\n', 'Coats', 'New', 'product'),
(9, 5, 4, 7, '2021-09-14 17:06:30', 'Long Sleeves Polo Shirt for Men', 'product-url-9', 'product-1.jpg', 'product-2.jpg', 'product-3.jpg', 50, 35, '\r\n\r\n\r\n\r\n<p>This is a sample product description. This is a sample product description. This is a sample product description. This is a sample product description. This is a sample product description. This is a sample product description. This is a sample product description. This is a sample product description. This is a sample product description. This is a sample product description. This is a sample product description. This is a sample product description. This is a sample product description. This is a sample product description. This is a sample product description. This is a sample product description. This is a sample product description. This is a sample product description. This is a sample product description. This is a sample product description.</p>\r\n\r\n\r\n\r\n', '\r\n\r\n\r\n\r\nIt is a long established fact that a reader will be distracted by the readable content of a page when looking at its layout. The point of using Lorem Ipsum is that it has a more-or-less normal distribution of letters,\r\n\r\n\r\n\r\n', '\r\n\r\n\r\n\r\n<iframe width=\"854\" height=\"480\" src=\"https://www.youtube.com/embed/qRswlmADRa8\" frameborder=\"0\" allowfullscreen></iframe>\r\n\r\n\r\n\r\n', 'T-Shirt', 'Sale', 'product'),
(12, 8, 5, 2, '2021-05-25 09:15:09', 'Ultraboost 21 PrimeBlue Shoes', 'ultraboost-21-adidas', 'Ultraboost_21.jpg', 'Ultraboost_21_2.jpg', 'Ultraboost_21_3.jpg', 150, 180, '\r\n\r\nThis product is made with Primeblue, a high-performance recycled material made in part with Parley Ocean Plastic. 50% of the upper is textile, 92% of the textile is Primeblue yarn. No virgin polyester.', '\r\n\r\nComfortable and responsive, Ultraboost became our first shoe to be as popular in streetwear style as it is in performance running.', '\r\nhttps://assets.adidas.com/videos/q_auto,f_auto,g_auto/599fff35a3cf432aa9bbac7c0091316f_d98c/Ultraboost_21_Primeblue_Shoes_Blue_FX7729_video.mp4\r\n', 'sneakers adidas ultraboost shoes', 'New', 'product'),
(13, 9, 2, 3, '2021-09-14 16:26:51', 'Nike Sportswear Essential Collection', 'nike-sportswear-essen-col', 'nike-s.jpg', 'nike-s2.jpg', 'nike-s02.jpg', 90, 85, '\r\n\r\nThis is a sample text. This is a sample text. This is a sample text. This is a sample text. This is a sample text. This is a sample text. This is a sample text. This is a sample text. This is a sample text. This is a sample text. This is a sample text. This is a sample text.\r\n\r\n\r\n\r\n', '\r\n\r\n\r\nThis is a sample text. This is a sample text. This is a sample text.This is a sample text. This is a sample text. This is a sample text.This is a sample text. This is a sample text. This is a sample text.This is a sample text. This is a sample text. This is a sample text.\r\n\r\n', '\r\n\r\n\r\nThis is a sample text. This is a sample text. This is a sample text.\r\n\r\n\r\n', 'nike sportswear', 'Featured', 'product'),
(15, 5, 5, 8, '2021-09-15 03:46:42', 'Gildan 1800 Ultra Cotton Polo Shirt', 'cotton-polo-shirt', 'g18bulk.jpg', 'g18bulk2.jpg', 'g18bulk3.jpg', 88, 75, '\r\nTHIS IS A DEMO DESCRIPTION\r\n', '\r\n\r\nDEMO FEATURES\r\n\r\n', '\r\n\r\n\r\n\r\n', 'polo shirt', 'Sale', 'bundle');

-- --------------------------------------------------------

--
-- Table structure for table `product_categories`
--

CREATE TABLE `product_categories` (
  `p_cat_id` int(10) NOT NULL,
  `p_cat_title` text NOT NULL,
  `p_cat_top` text NOT NULL,
  `p_cat_image` text NOT NULL
) ENGINE=InnoDB DEFAULT CHARSET=latin1;

--
-- Dumping data for table `product_categories`
--

INSERT INTO `product_categories` (`p_cat_id`, `p_cat_title`, `p_cat_top`, `p_cat_image`) VALUES
(4, 'Coats', 'no', 'coaticn.png'),
(5, 'T-Shirts', 'no', 'tshirticn.png'),
(6, 'Sweater', 'no', 'sweatericn.png'),
(7, 'jackets', 'yes', 'jacketicn.png'),
(8, 'Sneakers', 'yes', 'sneakericn.png'),
(9, 'Trousers', 'no', 'trousericn.png');

-- --------------------------------------------------------
--
-- Table structure for table `wishlist`
--

CREATE TABLE `wishlist` (
  `wishlist_id` int(10) NOT NULL,
  `customer_id` int(10) NOT NULL,
  `product_id` int(10) NOT NULL
) ENGINE=InnoDB DEFAULT CHARSET=latin1;

--
-- Dumping data for table `wishlist`
--

INSERT INTO `wishlist` (`wishlist_id`, `customer_id`, `product_id`) VALUES
(2, 2, 8),
(3, 5, 13),
(4, 3, 13),
(5, 6, 15);

--
-- Indexes for dumped tables
--

--
-- Indexes for table `about_us`
--
ALTER TABLE `about_us`
  ADD PRIMARY KEY (`about_id`);

--
-- Indexes for table `admins`
--
ALTER TABLE `admins`
  ADD PRIMARY KEY (`admin_id`);

--
-- Indexes for table `cart`
--
ALTER TABLE `cart`
  ADD PRIMARY KEY (`p_id`);

--
-- Indexes for table `categories`
--
ALTER TABLE `categories`
  ADD PRIMARY KEY (`cat_id`);

--
-- Indexes for table `customers`
--
ALTER TABLE `customers`
  ADD PRIMARY KEY (`customer_id`);

--
-- Indexes for table `customer_orders`
--
ALTER TABLE `customer_orders`
  ADD PRIMARY KEY (`order_id`);

--
-- Indexes for table `manufacturers`
--
ALTER TABLE `manufacturers`
  ADD PRIMARY KEY (`manufacturer_id`);

--
-- Indexes for table `payments`
--
ALTER TABLE `payments`
  ADD PRIMARY KEY (`payment_id`);

--
-- Indexes for table `pending_orders`
--
ALTER TABLE `pending_orders`
  ADD PRIMARY KEY (`order_id`);

--
-- Indexes for table `products`
--
ALTER TABLE `products`
  ADD PRIMARY KEY (`product_id`);

--
-- Indexes for table `product_categories`
--
ALTER TABLE `product_categories`
  ADD PRIMARY KEY (`p_cat_id`);

--
-- Indexes for table `wishlist`
--
ALTER TABLE `wishlist`
  ADD PRIMARY KEY (`wishlist_id`);

--
-- AUTO_INCREMENT for dumped tables
--

--
-- AUTO_INCREMENT for table `about_us`
--
ALTER TABLE `about_us`
  MODIFY `about_id` int(10) NOT NULL AUTO_INCREMENT, AUTO_INCREMENT=2;
--
-- AUTO_INCREMENT for table `admins`
--
ALTER TABLE `admins`
  MODIFY `admin_id` int(10) NOT NULL AUTO_INCREMENT, AUTO_INCREMENT=3;

--
-- AUTO_INCREMENT for table `categories`
--
ALTER TABLE `categories`
  MODIFY `cat_id` int(10) NOT NULL AUTO_INCREMENT, AUTO_INCREMENT=6;

--
-- AUTO_INCREMENT for table `customers`
--
ALTER TABLE `customers`
  MODIFY `customer_id` int(10) NOT NULL AUTO_INCREMENT, AUTO_INCREMENT=7;
--
-- AUTO_INCREMENT for table `customer_orders`
--
ALTER TABLE `customer_orders`
  MODIFY `order_id` int(10) NOT NULL AUTO_INCREMENT, AUTO_INCREMENT=33;

--
-- AUTO_INCREMENT for table `manufacturers`
--
ALTER TABLE `manufacturers`
  MODIFY `manufacturer_id` int(10) NOT NULL AUTO_INCREMENT, AUTO_INCREMENT=9;
--
-- AUTO_INCREMENT for table `payments`
--
ALTER TABLE `payments`
  MODIFY `payment_id` int(10) NOT NULL AUTO_INCREMENT, AUTO_INCREMENT=26;
--
-- AUTO_INCREMENT for table `pending_orders`
--
ALTER TABLE `pending_orders`
  MODIFY `order_id` int(10) NOT NULL AUTO_INCREMENT, AUTO_INCREMENT=33;
--
-- AUTO_INCREMENT for table `products`
--
ALTER TABLE `products`
  MODIFY `product_id` int(10) NOT NULL AUTO_INCREMENT, AUTO_INCREMENT=16;
--
-- AUTO_INCREMENT for table `product_categories`
--
ALTER TABLE `product_categories`
  MODIFY `p_cat_id` int(10) NOT NULL AUTO_INCREMENT, AUTO_INCREMENT=10;

--
-- AUTO_INCREMENT for table `wishlist`
--
ALTER TABLE `wishlist`
  MODIFY `wishlist_id` int(10) NOT NULL AUTO_INCREMENT, AUTO_INCREMENT=6;
/*!40101 SET CHARACTER_SET_CLIENT=@OLD_CHARACTER_SET_CLIENT */;
/*!40101 SET CHARACTER_SET_RESULTS=@OLD_CHARACTER_SET_RESULTS */;
/*!40101 SET COLLATION_CONNECTION=@OLD_COLLATION_CONNECTION */;
